gene_id,gene_type,gene_short_name,merged_logit_coeff
ENSMUSG00000052305.6,protein_coding,Hbb-bs,19.448683414095008
ENSMUSG00000001911.16,protein_coding,Nfix,14.168553839773438
ENSMUSG00000059742.10,protein_coding,Kcnh7,9.493499129364757
ENSMUSG00000030077.11,protein_coding,Chl1,8.087224652235527
ENSMUSG00000073940.3,protein_coding,Hbb-bt,7.753710008790562
ENSMUSG00000060924.15,protein_coding,Csmd1,7.083052002659661
ENSMUSG00000024544.8,protein_coding,Ldlrad4,5.9215445638035
ENSMUSG00000032023.7,protein_coding,Jhy,5.59213244609222
ENSMUSG00000027400.11,protein_coding,Pdyn,5.534099519963822
ENSMUSG00000026249.10,protein_coding,Serpine2,5.524808425537106
ENSMUSG00000037624.15,protein_coding,Kcnk2,5.416422607120041
ENSMUSG00000039410.16,protein_coding,Prdm16,4.9310986857776875
ENSMUSG00000036815.16,protein_coding,Dpp10,4.884895314400722
ENSMUSG00000022206.6,protein_coding,Npr3,4.757961183868799
ENSMUSG00000022762.17,protein_coding,Ncam2,4.740440614110044
ENSMUSG00000029212.11,protein_coding,Gabrb1,4.527758916349343
ENSMUSG00000038400.15,protein_coding,Pmepa1,4.389162217769133
ENSMUSG00000022887.8,protein_coding,Masp1,4.1941912908513945
ENSMUSG00000038665.15,protein_coding,Dgki,4.191776984107771
ENSMUSG00000064115.13,protein_coding,Cadm2,4.155278399182329
ENSMUSG00000056755.13,protein_coding,Grm7,4.1107958000989395
ENSMUSG00000056258.8,protein_coding,Kcnq3,3.952281936911395
ENSMUSG00000053007.9,protein_coding,9430076C15Rik,3.8763848933015064
ENSMUSG00000021313.15,protein_coding,Ryr2,3.8219174297164606
ENSMUSG00000037940.17,protein_coding,Inpp4b,3.7967361631126795
ENSMUSG00000031517.8,protein_coding,Gpm6a,3.7508040093620547
ENSMUSG00000000861.15,protein_coding,Bcl11a,3.714807518458753
ENSMUSG00000018849.6,protein_coding,Wwc1,3.689221308157161
ENSMUSG00000032816.15,protein_coding,Igdcc4,3.6020747557775827
ENSMUSG00000051920.6,protein_coding,Rspo2,3.5782098090187304
ENSMUSG00000051777.6,protein_coding,Iqcj,3.4282764861054984
ENSMUSG00000052372.10,protein_coding,Il1rapl1,3.380091827747071
ENSMUSG00000085925.2,protein_coding,Rtl1,3.345227887895167
ENSMUSG00000030428.16,protein_coding,Ttyh1,3.2640340433574004
ENSMUSG00000032482.9,protein_coding,Cspg5,3.103843293085822
ENSMUSG00000000794.9,protein_coding,Kcnn3,3.0805343620248666
ENSMUSG00000060429.11,protein_coding,Sntb1,3.063413780204007
ENSMUSG00000063142.14,protein_coding,Kcnma1,3.048143576081301
ENSMUSG00000033854.9,protein_coding,Kcnk10,2.9268227377757023
ENSMUSG00000022425.15,protein_coding,Enpp2,2.9250966415952044
ENSMUSG00000059921.15,protein_coding,Unc5c,2.9111408592105894
ENSMUSG00000019929.15,protein_coding,Dcn,2.875854700218307
ENSMUSG00000041741.10,protein_coding,Pde3a,2.7115114122487265
ENSMUSG00000044770.14,protein_coding,Scml4,2.68066966898786
ENSMUSG00000027695.16,protein_coding,Pld1,2.6760204281398856
ENSMUSG00000021536.7,protein_coding,Adcy2,2.6484260585945067
ENSMUSG00000059810.18,protein_coding,Rgs3,2.623904578913902
ENSMUSG00000030031.14,protein_coding,Kbtbd8,2.6217689340333767
ENSMUSG00000039278.10,protein_coding,Pcsk1n,2.5582307362389587
ENSMUSG00000020627.9,protein_coding,Klhl29,2.533253724031157
ENSMUSG00000036139.6,protein_coding,Hoxc9,2.4259046355166825
ENSMUSG00000056204.8,protein_coding,Pgpep1,2.373448476092153
ENSMUSG00000031772.17,protein_coding,Cntnap4,2.3613622222005173
ENSMUSG00000023800.14,protein_coding,Tiam2,2.347127771929755
ENSMUSG00000057816.7,protein_coding,1700007G11Rik,2.3387743834240258
ENSMUSG00000026676.7,protein_coding,Ccdc3,2.33806283149578
ENSMUSG00000002341.8,protein_coding,Ncan,2.2902517801991484
ENSMUSG00000062190.12,protein_coding,Lancl2,2.2617210988492205
ENSMUSG00000029088.16,protein_coding,Kcnip4,2.2571372065060706
ENSMUSG00000029167.13,protein_coding,Ppargc1a,2.2265467588323284
ENSMUSG00000017978.18,protein_coding,Cadps2,2.2042231838365263
ENSMUSG00000067158.9,protein_coding,Col4a4,2.1407678627665554
ENSMUSG00000050587.14,protein_coding,Lrrc4c,2.090664419999168
ENSMUSG00000033083.16,protein_coding,Tbc1d4,2.083427339541063
ENSMUSG00000032020.15,protein_coding,Ubash3b,2.069436196693765
ENSMUSG00000029661.16,protein_coding,Col1a2,2.0461926080617587
ENSMUSG00000027692.16,protein_coding,Tnik,2.027049421667667
ENSMUSG00000038732.14,protein_coding,Mboat1,2.0173897974185566
ENSMUSG00000090059.4,protein_coding,Olfr1062,1.989390562517681
ENSMUSG00000067786.16,protein_coding,Nnat,1.9741909766585448
ENSMUSG00000028076.12,protein_coding,Cd1d1,1.9625490871382665
ENSMUSG00000005360.14,protein_coding,Slc1a3,1.929524521379523
ENSMUSG00000043557.15,protein_coding,Mdga1,1.927660825138309
ENSMUSG00000022306.8,protein_coding,Zfpm2,1.9174447967272144
ENSMUSG00000049420.8,protein_coding,Tmem200a,1.9156944243894942
ENSMUSG00000069670.7,protein_coding,Nkain2,1.915107478449745
ENSMUSG00000052516.17,protein_coding,Robo2,1.8837788083254892
ENSMUSG00000044681.19,protein_coding,Cnpy1,1.85692102551391
ENSMUSG00000051048.17,protein_coding,P4ha3,1.8507399651961822
ENSMUSG00000022514.14,protein_coding,Il1rap,1.8007483548224998
ENSMUSG00000024896.8,protein_coding,Minpp1,1.7708345223586928
ENSMUSG00000025475.17,protein_coding,Adgra1,1.7655255997849493
ENSMUSG00000032656.14,protein_coding,March3,1.7543992959872634
ENSMUSG00000008575.17,protein_coding,Nfib,1.7082834799869098
ENSMUSG00000021448.6,protein_coding,Shc3,1.6986026485959314
ENSMUSG00000048251.15,protein_coding,Bcl11b,1.6693365899351194
ENSMUSG00000000567.5,protein_coding,Sox9,1.6397884278732944
ENSMUSG00000029269.11,protein_coding,Sult1b1,1.6205363444298664
ENSMUSG00000053062.15,protein_coding,Jam2,1.6153900174402325
ENSMUSG00000063568.11,protein_coding,Jazf1,1.5955016524638714
ENSMUSG00000027777.15,protein_coding,Schip1,1.581756615996555
ENSMUSG00000058897.17,protein_coding,Col25a1,1.5802085444939749
ENSMUSG00000017692.8,protein_coding,Rhbdl3,1.5766132746191666
ENSMUSG00000060882.5,protein_coding,Kcnd2,1.5577159328862598
ENSMUSG00000056752.16,protein_coding,Dnah9,1.5534960426109437
ENSMUSG00000026077.15,protein_coding,Npas2,1.5519202799334704
ENSMUSG00000005534.10,protein_coding,Insr,1.551277231174916
ENSMUSG00000030930.14,protein_coding,Chst15,1.547017457528023
ENSMUSG00000009394.13,protein_coding,Syn2,1.5269406822144256
ENSMUSG00000038831.16,protein_coding,Ralgps1,1.5263562747046042
ENSMUSG00000053436.14,protein_coding,Mapk14,1.5183376632491918
ENSMUSG00000038305.14,protein_coding,Spats2l,1.4991795822975875
ENSMUSG00000027962.14,protein_coding,Vcam1,1.4970453437935018
ENSMUSG00000030223.14,protein_coding,Ptpro,1.494529858534244
ENSMUSG00000030921.17,protein_coding,Trim30a,1.4899058145964197
ENSMUSG00000030000.10,protein_coding,Add2,1.4785066980333723
ENSMUSG00000032612.14,protein_coding,Usp4,1.468696018054757
ENSMUSG00000026463.17,protein_coding,Atp2b4,1.4553153071702785
ENSMUSG00000057182.14,protein_coding,Scn3a,1.4410273815873265
ENSMUSG00000055254.14,protein_coding,Ntrk2,1.433717555284339
ENSMUSG00000018581.15,protein_coding,Dnah11,1.4055023794409631
ENSMUSG00000036961.4,protein_coding,Wnt8b,1.3782266613658645
ENSMUSG00000022231.9,protein_coding,Sema5a,1.3630766635377383
ENSMUSG00000015968.16,protein_coding,Cacna1d,1.3466678719482872
ENSMUSG00000040274.11,protein_coding,Cdk6,1.3257129997052797
ENSMUSG00000039903.16,protein_coding,Eva1c,1.3168105266207535
ENSMUSG00000046178.3,protein_coding,Nxph1,1.3130482058378403
ENSMUSG00000039706.11,protein_coding,Ldb2,1.3032820423267144
ENSMUSG00000001657.7,protein_coding,Hoxc8,1.2934877003621834
ENSMUSG00000028389.11,protein_coding,Zfp37,1.286057797571255
ENSMUSG00000008658.15,protein_coding,Rbfox1,1.263343613002565
ENSMUSG00000024109.18,protein_coding,Nrxn1,1.2613264283715298
ENSMUSG00000024921.17,protein_coding,Smarca2,1.254971197792856
ENSMUSG00000053930.13,protein_coding,Shisa6,1.2214650178194677
ENSMUSG00000040415.15,protein_coding,Dtx3,1.208628539832214
ENSMUSG00000049252.17,protein_coding,Lrp1b,1.1992799714875535
ENSMUSG00000053965.10,protein_coding,Pde5a,1.1875231704981521
ENSMUSG00000015944.9,protein_coding,Gatsl2,1.1856211749908798
ENSMUSG00000022483.16,protein_coding,Col2a1,1.1670975835137931
ENSMUSG00000030043.11,protein_coding,Tacr1,1.1589978548863682
ENSMUSG00000025453.16,protein_coding,Nnt,1.150450634407285
ENSMUSG00000040855.15,protein_coding,Reps2,1.1454447362588698
ENSMUSG00000057098.14,protein_coding,Ebf1,1.1346086604563668
ENSMUSG00000096054.3,protein_coding,Syne1,1.1326403790500028
ENSMUSG00000029638.17,protein_coding,Glcci1,1.1299482638037355
ENSMUSG00000039488.15,protein_coding,Cntn5,1.1147650534822098
ENSMUSG00000055471.6,protein_coding,Alk,1.1082467140249364
ENSMUSG00000071550.13,protein_coding,Cfap44,1.1020196680768821
ENSMUSG00000052915.14,protein_coding,Msl1,1.0928842250751625
ENSMUSG00000079157.4,protein_coding,Fam155a,1.0870474158024175
ENSMUSG00000030527.15,protein_coding,Crtc3,1.0826236106279175
ENSMUSG00000020140.15,protein_coding,Lgr5,1.0763521243025742
ENSMUSG00000019254.16,protein_coding,Ppp1r12c,1.0762241693719572
ENSMUSG00000024535.15,protein_coding,Snx24,1.0752536343146488
ENSMUSG00000026482.13,protein_coding,Rgl1,1.0731189109203316
ENSMUSG00000053141.16,protein_coding,Ptprt,1.071991168686257
ENSMUSG00000022858.15,protein_coding,Tra2b,1.0512958630997955
ENSMUSG00000064080.12,protein_coding,Fbln2,1.0472221831303026
ENSMUSG00000024421.16,protein_coding,Lama3,1.0360200088222464
ENSMUSG00000063531.7,protein_coding,Sema3e,1.035010798538952
ENSMUSG00000002602.16,protein_coding,Axl,1.0267155306021825
ENSMUSG00000039004.5,protein_coding,Bmp6,1.023369369553974
ENSMUSG00000052572.16,protein_coding,Dlg2,1.0210772819151295
ENSMUSG00000049176.14,protein_coding,Frmpd4,1.016432648048857
ENSMUSG00000030507.6,protein_coding,Dbx1,1.0132173092456378
ENSMUSG00000092094.5,protein_coding,Zfp804b,1.007241761986004
ENSMUSG00000095028.6,protein_coding,Sirpb1b,1.0031517366233966
ENSMUSG00000039396.11,protein_coding,Neil3,1.001237021255083
ENSMUSG00000059857.15,protein_coding,Ntng1,0.9906343697595691
ENSMUSG00000102049.1,protein_coding,Zbed6,0.9812310645474438
ENSMUSG00000020122.16,protein_coding,Egfr,0.9795860802095055
ENSMUSG00000022186.14,protein_coding,Oxct1,0.9723976842047148
ENSMUSG00000018340.13,protein_coding,Anxa6,0.9703902384196008
ENSMUSG00000036109.17,protein_coding,Mbnl3,0.9647046498830906
ENSMUSG00000000197.7,protein_coding,Nalcn,0.9638965890829239
ENSMUSG00000073633.9,protein_coding,Fbxo36,0.960202840443672
ENSMUSG00000029578.15,protein_coding,Wipi2,0.9589647522509755
ENSMUSG00000003378.9,protein_coding,Grik5,0.9568067613920272
ENSMUSG00000020935.8,protein_coding,Dcakd,0.9543880927635159
ENSMUSG00000030717.9,protein_coding,Nupr1,0.945796521485829
ENSMUSG00000017144.8,protein_coding,Rnd3,0.937956338132262
ENSMUSG00000056458.16,protein_coding,Mok,0.9378106415796121
ENSMUSG00000039007.9,protein_coding,Cpq,0.9322141326444904
ENSMUSG00000063434.5,protein_coding,Sorcs3,0.924221598227183
ENSMUSG00000051435.11,protein_coding,Fhad1,0.9222687306862921
ENSMUSG00000024044.16,protein_coding,Epb41l3,0.9185970629225456
ENSMUSG00000037016.11,protein_coding,Frem2,0.9152173327727762
ENSMUSG00000101174.6,protein_coding,Hoxd4,0.9117233913222328
ENSMUSG00000034858.16,protein_coding,Fam214a,0.910533210713145
ENSMUSG00000008206.16,protein_coding,Cers4,0.9095051336568089
ENSMUSG00000021514.17,protein_coding,Zfp369,0.903694416490436
ENSMUSG00000033420.12,protein_coding,Antxr1,0.8964123360820149
ENSMUSG00000055421.8,protein_coding,Pcdh9,0.8951496456450934
ENSMUSG00000025089.15,protein_coding,Gfra1,0.881979865203766
ENSMUSG00000006050.11,protein_coding,Sra1,0.8810994047696253
ENSMUSG00000051339.10,protein_coding,2900026A02Rik,0.8772178727440569
ENSMUSG00000029757.16,protein_coding,Dync1i1,0.8766043282528299
ENSMUSG00000030088.15,protein_coding,Aldh1l1,0.8723551158278177
ENSMUSG00000022523.9,protein_coding,Fgf12,0.8722689221103164
ENSMUSG00000062797.13,protein_coding,Hikeshi,0.8632055404624281
ENSMUSG00000058290.3,protein_coding,Espl1,0.862107852336506
ENSMUSG00000031997.9,protein_coding,Trpc6,0.8611028867282687
ENSMUSG00000059956.14,protein_coding,Serpinb12,0.8568224935823262
ENSMUSG00000026553.17,protein_coding,Copa,0.8469370241106146
ENSMUSG00000078490.9,protein_coding,Cfap74,0.8431999493482547
ENSMUSG00000068457.14,protein_coding,Uty,0.8429597534318215
ENSMUSG00000059974.10,protein_coding,Ntm,0.8418862424306864
ENSMUSG00000061353.11,protein_coding,Cxcl12,0.8412772195374524
ENSMUSG00000055026.13,protein_coding,Gabrg3,0.8374371895801126
ENSMUSG00000017418.13,protein_coding,Arl5b,0.8363166820818179
ENSMUSG00000075590.2,protein_coding,Nrbp2,0.8347330920435269
ENSMUSG00000040118.15,protein_coding,Cacna2d1,0.8230796560337341
ENSMUSG00000020705.6,protein_coding,Ddx42,0.8230362646109519
ENSMUSG00000005682.8,protein_coding,Pan2,0.8200522118660836
ENSMUSG00000022494.13,protein_coding,Shisa9,0.8156367292082275
ENSMUSG00000030498.15,protein_coding,Gas2,0.8145425296993649
ENSMUSG00000027966.20,protein_coding,Col11a1,0.8130309752608169
ENSMUSG00000045672.15,protein_coding,Col27a1,0.8120279036263112
ENSMUSG00000055609.8,protein_coding,Hba-x,0.8053997478839665
ENSMUSG00000015597.16,protein_coding,Zfp318,0.8010656220278193
ENSMUSG00000026527.13,protein_coding,Rgs7,0.7942037243860111
ENSMUSG00000072663.12,protein_coding,Spef2,0.7848552681437416
ENSMUSG00000041757.16,protein_coding,Plekha6,0.7815971936622496
ENSMUSG00000005237.14,protein_coding,Dnah2,0.7804569414783669
ENSMUSG00000041119.11,protein_coding,Pde9a,0.7770039497379374
ENSMUSG00000059173.19,protein_coding,Pde1a,0.7765497794003512
ENSMUSG00000032231.14,protein_coding,Anxa2,0.7752786305496483
ENSMUSG00000043635.12,protein_coding,Adamts3,0.7736894261738615
ENSMUSG00000030084.11,protein_coding,Plxna1,0.7662316120853947
ENSMUSG00000003410.8,protein_coding,Elavl3,0.7576457536358842
ENSMUSG00000025584.17,protein_coding,Pde8a,0.7464450445433202
ENSMUSG00000036095.10,protein_coding,Dgkb,0.7443554235422158
ENSMUSG00000035864.14,protein_coding,Syt1,0.7402644334002081
ENSMUSG00000052852.8,protein_coding,Reep1,0.7400437715237144
ENSMUSG00000052187.4,protein_coding,Hbb-y,0.7292812856635149
ENSMUSG00000021340.12,protein_coding,Gpld1,0.7282677945923715
ENSMUSG00000027164.8,protein_coding,Traf6,0.7278057915605437
ENSMUSG00000031841.19,protein_coding,Cdh13,0.7241232376969777
ENSMUSG00000037509.19,protein_coding,Arhgef4,0.7208207250399448
ENSMUSG00000058503.11,protein_coding,Fam133b,0.7178905857410547
ENSMUSG00000032244.9,protein_coding,Fem1b,0.7123203249437617
ENSMUSG00000015202.13,protein_coding,Cnksr3,0.7111349287826081
ENSMUSG00000001995.9,protein_coding,Sipa1l2,0.7063728558245307
ENSMUSG00000035275.14,protein_coding,Raver2,0.7015969865487836
ENSMUSG00000071424.10,protein_coding,Grid2,0.6991953053568141
ENSMUSG00000041530.16,protein_coding,Ago1,0.6986154364559375
ENSMUSG00000022747.16,protein_coding,St3gal6,0.6959949307210687
ENSMUSG00000021500.15,protein_coding,Ddx46,0.6929143288302201
ENSMUSG00000021221.15,protein_coding,Dpf3,0.6912091139744274
ENSMUSG00000080316.10,protein_coding,Spaca6,0.6898268468854807
ENSMUSG00000034560.5,protein_coding,A230046K03Rik,0.6895628447688914
ENSMUSG00000033417.15,protein_coding,Cacul1,0.6875227067071654
ENSMUSG00000002688.7,protein_coding,Prkd1,0.6860058140868797
ENSMUSG00000022684.14,protein_coding,Bfar,0.6855882672871344
ENSMUSG00000027200.17,protein_coding,Sema6d,0.6854683792013727
ENSMUSG00000025889.13,protein_coding,Snca,0.685247777466088
ENSMUSG00000014329.14,protein_coding,Bicc1,0.6800813771659069
ENSMUSG00000038368.16,protein_coding,Focad,0.6786773858055836
ENSMUSG00000013698.12,protein_coding,Pea15a,0.678416766185064
ENSMUSG00000000168.9,protein_coding,Dlat,0.6732946096895591
ENSMUSG00000013787.15,protein_coding,Ehmt2,0.6700419354531525
ENSMUSG00000018395.19,protein_coding,Kif3a,0.6599560080032448
ENSMUSG00000028439.14,protein_coding,Fam219a,0.6592325069347926
ENSMUSG00000002459.17,protein_coding,Rgs20,0.6580475778306452
ENSMUSG00000039578.16,protein_coding,Ccser1,0.6537711375308926
ENSMUSG00000039717.16,protein_coding,Ralyl,0.649925291216235
ENSMUSG00000048583.16,protein_coding,Igf2,0.6475666246458105
ENSMUSG00000021136.13,protein_coding,Smoc1,0.6473419702113936
ENSMUSG00000079560.13,protein_coding,Hoxa3,0.6453737562366559
ENSMUSG00000069919.7,protein_coding,Hba-a1,0.6417956487285755
ENSMUSG00000035021.13,protein_coding,Baz1a,0.6413593417451764
ENSMUSG00000040022.14,protein_coding,Rab11fip2,0.6392296723955944
ENSMUSG00000019188.16,protein_coding,H13,0.6355587388962775
ENSMUSG00000064145.12,protein_coding,Arih2,0.6343444234676268
ENSMUSG00000034707.6,protein_coding,Gns,0.6292026378345762
ENSMUSG00000032705.8,protein_coding,Exd2,0.6265784567693312
ENSMUSG00000036840.5,protein_coding,Siah1a,0.623810059447018
ENSMUSG00000020723.3,protein_coding,Cacng4,0.6235484063457881
ENSMUSG00000074736.10,protein_coding,Syndig1,0.6209332397646612
ENSMUSG00000037683.14,protein_coding,Armc3,0.6206098972148526
ENSMUSG00000055319.8,protein_coding,Sec23ip,0.6194488023267245
ENSMUSG00000016624.15,protein_coding,Phf21b,0.616998571310031
ENSMUSG00000036356.15,protein_coding,Csgalnact1,0.6165496491400604
ENSMUSG00000021760.3,protein_coding,Gpx8,0.6159851748709886
ENSMUSG00000011751.16,protein_coding,Sptbn4,0.6157515321829443
ENSMUSG00000029433.14,protein_coding,Diablo,0.609689293693289
ENSMUSG00000055447.18,protein_coding,Cd47,0.6076310863887153
ENSMUSG00000031985.9,protein_coding,Gnpat,0.6047865950331891
ENSMUSG00000054196.6,protein_coding,Cthrc1,0.6047725143644738
ENSMUSG00000032280.16,protein_coding,Tle3,0.6020063593906693
ENSMUSG00000048747.14,protein_coding,E130114P18Rik,0.5998293001189374
ENSMUSG00000066571.13,protein_coding,4931406P16Rik,0.5968178980499104
ENSMUSG00000034800.15,protein_coding,Zfp661,0.5887275745929114
ENSMUSG00000053025.13,protein_coding,Sv2b,0.5840362794911614
ENSMUSG00000022536.13,protein_coding,Glyr1,0.5792629403803143
ENSMUSG00000041936.18,protein_coding,Agrn,0.577877604215898
ENSMUSG00000038916.7,protein_coding,Soga3,0.5763008379069271
ENSMUSG00000047085.14,protein_coding,Lrrc4b,0.5736498036206984
ENSMUSG00000022807.8,protein_coding,Osbpl11,0.5709610759835573
ENSMUSG00000051278.12,protein_coding,Zgrf1,0.570477579577302
ENSMUSG00000031343.13,protein_coding,Gabra3,0.5651770060697093
ENSMUSG00000071669.14,protein_coding,Snx29,0.559232481631042
ENSMUSG00000020220.16,protein_coding,Vps13d,0.553889750360359
ENSMUSG00000024236.18,protein_coding,Svil,0.5530923530275702
ENSMUSG00000041144.10,protein_coding,Dnah7b,0.5528211837675129
ENSMUSG00000064280.13,protein_coding,Ccdc146,0.5501673445601529
ENSMUSG00000021978.8,protein_coding,Extl3,0.5489213921546302
ENSMUSG00000047632.10,protein_coding,Fgfbp3,0.5488964355949775
ENSMUSG00000040363.15,protein_coding,Bcor,0.5429873546655297
ENSMUSG00000020719.14,protein_coding,Ddx5,0.5383557264108308
ENSMUSG00000005899.12,protein_coding,Smpd4,0.5367658500423993
ENSMUSG00000025151.16,protein_coding,Maged1,0.5348077555638366
ENSMUSG00000000631.20,protein_coding,Myo18a,0.5347511427275795
ENSMUSG00000052581.13,protein_coding,Lrrtm4,0.5328446390654048
ENSMUSG00000033981.14,protein_coding,Gria2,0.5315751907648241
ENSMUSG00000042523.12,protein_coding,Dnal1,0.5306371906437862
ENSMUSG00000033966.7,protein_coding,Cdkl4,0.5306227084621018
ENSMUSG00000020661.15,protein_coding,Dnmt3a,0.5281211000757335
ENSMUSG00000020777.16,protein_coding,Acox1,0.5277656706174463
ENSMUSG00000021806.3,protein_coding,Nid2,0.5255127975343041
ENSMUSG00000033720.12,protein_coding,Sfxn5,0.524913959773883
ENSMUSG00000079277.9,protein_coding,Hoxd3,0.5218407447515488
ENSMUSG00000024826.14,protein_coding,Dpf2,0.5211625098039627
ENSMUSG00000033216.9,protein_coding,Eefsec,0.5143700369476206
ENSMUSG00000058145.16,protein_coding,Adamts17,0.5105827869590808
ENSMUSG00000030351.5,protein_coding,Tspan11,0.5100109050025451
ENSMUSG00000061175.11,protein_coding,Fnip2,0.5070787135970806
ENSMUSG00000048118.17,protein_coding,Arid4a,0.5055750970883308
ENSMUSG00000028883.17,protein_coding,Sema3a,0.5046350695102042
ENSMUSG00000090935.10,protein_coding,Synj2bp,0.5037792866504084
ENSMUSG00000078919.10,protein_coding,Dpm1,0.5025525400925508
ENSMUSG00000038324.13,protein_coding,Trpc4ap,0.4985633108807372
ENSMUSG00000022973.17,protein_coding,Synj1,0.4980613960815978
ENSMUSG00000028637.15,protein_coding,Ccdc30,0.497256785795769
ENSMUSG00000036779.12,protein_coding,Papd5,0.4954935257552249
ENSMUSG00000020014.16,protein_coding,Cfap54,0.4953591439701486
ENSMUSG00000062901.2,protein_coding,Klhl24,0.4942829630459538
ENSMUSG00000031858.16,protein_coding,Mau2,0.4932321996600864
ENSMUSG00000039199.6,protein_coding,Zdhhc1,0.4925887258777424
ENSMUSG00000025231.16,protein_coding,Sufu,0.4922400205878502
ENSMUSG00000064090.14,protein_coding,Vrk2,0.4899491675221415
ENSMUSG00000040242.14,protein_coding,Fgfr1op2,0.4892150955658888
ENSMUSG00000033906.5,protein_coding,Zdhhc15,0.4876217192936049
ENSMUSG00000001774.8,protein_coding,Chordc1,0.487339867965453
ENSMUSG00000075225.13,protein_coding,Ccdc162,0.4853142213493627
ENSMUSG00000026571.12,protein_coding,Dcaf6,0.4819533069838704
ENSMUSG00000005089.15,protein_coding,Slc1a2,0.4788429534261885
ENSMUSG00000028245.15,protein_coding,Nsmaf,0.477924555093158
ENSMUSG00000022799.4,protein_coding,Arhgap31,0.4776833240173108
ENSMUSG00000023977.14,protein_coding,Ubr2,0.47354930591784505
ENSMUSG00000022382.14,protein_coding,Wnt7b,0.4695618817716655
ENSMUSG00000021182.14,protein_coding,Ccdc88c,0.4674709590586118
ENSMUSG00000035551.6,protein_coding,Igfbpl1,0.4654846070616064
ENSMUSG00000019990.15,protein_coding,Pde7b,0.46010903359685884
ENSMUSG00000051401.6,protein_coding,Kctd16,0.45701690802713857
ENSMUSG00000000223.13,protein_coding,Drp2,0.4546240651074138
ENSMUSG00000027864.9,protein_coding,Ptgfrn,0.4529343612048701
ENSMUSG00000032902.1,protein_coding,Slc16a1,0.4516618190207619
ENSMUSG00000012443.3,protein_coding,Kif11,0.4503602285319936
ENSMUSG00000050064.14,protein_coding,Zfp697,0.4501247008229489
ENSMUSG00000030189.15,protein_coding,Ybx3,0.44895636835633895
ENSMUSG00000050965.14,protein_coding,Prkca,0.4467094815067053
ENSMUSG00000063600.14,protein_coding,Egfem1,0.4464950998858852
ENSMUSG00000048794.14,protein_coding,Cfap100,0.4461757336829789
ENSMUSG00000062257.13,protein_coding,Opcml,0.4453069731529026
ENSMUSG00000025223.14,protein_coding,Ldb1,0.4446967222892077
ENSMUSG00000030168.13,protein_coding,Adipor2,0.4445620812061579
ENSMUSG00000025986.6,protein_coding,Slc39a10,0.44347175202828704
ENSMUSG00000003421.13,protein_coding,Nosip,0.4388077340349138
ENSMUSG00000029472.13,protein_coding,Anapc5,0.4361534449004452
ENSMUSG00000000263.15,protein_coding,Glra1,0.4361033416291008
ENSMUSG00000028381.8,protein_coding,Ugcg,0.4343575264108536
ENSMUSG00000030029.14,protein_coding,Lrig1,0.4326609819808184
ENSMUSG00000021133.8,protein_coding,Susd6,0.4316915985839933
ENSMUSG00000047787.7,protein_coding,Flrt1,0.43134117393725496
ENSMUSG00000018427.7,protein_coding,Ypel2,0.4285791639281225
ENSMUSG00000022687.12,protein_coding,Boc,0.4282345342330752
ENSMUSG00000027300.9,protein_coding,Ubox5,0.427770033734245
ENSMUSG00000059182.7,protein_coding,Skap2,0.42564886126931184
ENSMUSG00000028917.14,protein_coding,Plekhm2,0.42082247249234106
ENSMUSG00000033965.10,protein_coding,Slc16a2,0.420263275718754
ENSMUSG00000040327.16,protein_coding,Cul9,0.4200214367151671
ENSMUSG00000050271.12,protein_coding,D8Ertd82e,0.4121550465387977
ENSMUSG00000034484.7,protein_coding,Snx2,0.4098549389350216
ENSMUSG00000015533.8,protein_coding,Itga2,0.4084226157289397
ENSMUSG00000043929.16,protein_coding,Klhl15,0.4075246654362281
ENSMUSG00000023886.9,protein_coding,Smoc2,0.4052978248830714
ENSMUSG00000047767.17,protein_coding,Atg16l2,0.4030670968920391
ENSMUSG00000030839.12,protein_coding,Sergef,0.40268355095476105
ENSMUSG00000001855.15,protein_coding,Nup214,0.3990530714819698
ENSMUSG00000031681.16,protein_coding,Smad1,0.3985375091350089
ENSMUSG00000021392.7,protein_coding,Nol8,0.3970079990640396
ENSMUSG00000037990.18,protein_coding,Sh3rf3,0.39695364611431017
ENSMUSG00000041488.16,protein_coding,Stx3,0.3940101340690572
ENSMUSG00000039693.11,protein_coding,Msantd3,0.3935531772932061
ENSMUSG00000037266.18,protein_coding,Rsrp1,0.3914790352312481
ENSMUSG00000023984.17,protein_coding,Gm20517,0.3905551338396685
ENSMUSG00000066278.6,protein_coding,Vps37b,0.38740482033107504
ENSMUSG00000038205.12,protein_coding,Prkab2,0.3869434910808569
ENSMUSG00000028364.15,protein_coding,Tnc,0.3854146378419984
ENSMUSG00000027546.15,protein_coding,Atp9a,0.3849721812492345
ENSMUSG00000021134.17,protein_coding,Srsf5,0.3828375413751265
ENSMUSG00000032036.15,protein_coding,Kirrel3,0.3807137343508053
ENSMUSG00000051951.5,protein_coding,Xkr4,0.37917010423425535
ENSMUSG00000034755.18,protein_coding,Pcdh11x,0.3776094672849921
ENSMUSG00000007827.10,protein_coding,Ankrd26,0.3755509877944306
ENSMUSG00000017119.19,protein_coding,Nbr1,0.3754911278585627
ENSMUSG00000022053.13,protein_coding,Ebf2,0.3743580531311816
ENSMUSG00000027508.15,protein_coding,Pag1,0.37329520195772814
ENSMUSG00000040669.14,protein_coding,Phc1,0.3732396449960327
ENSMUSG00000031921.17,protein_coding,Terf2,0.3731504610628853
ENSMUSG00000042426.5,protein_coding,Dhx29,0.3711781532822868
ENSMUSG00000028879.4,protein_coding,Stx12,0.3711665016312536
ENSMUSG00000020524.16,protein_coding,Gria1,0.3706648832998246
ENSMUSG00000036885.14,protein_coding,Arhgef26,0.3699241166696767
ENSMUSG00000029765.12,protein_coding,Plxna4,0.3695772078139095
ENSMUSG00000024317.14,protein_coding,Rnf138,0.3689733118612184
ENSMUSG00000021189.11,protein_coding,Atxn3,0.3668881794411245
ENSMUSG00000033059.7,protein_coding,Pygb,0.3660387735090928
ENSMUSG00000069045.11,protein_coding,Ddx3y,0.3656695246313445
ENSMUSG00000017631.18,protein_coding,Abr,0.3645656760129781
ENSMUSG00000005057.13,protein_coding,Sh2b2,0.36389546847676063
ENSMUSG00000020088.9,protein_coding,Sar1a,0.3637858613463626
ENSMUSG00000037692.14,protein_coding,Ahdc1,0.3632545658631704
ENSMUSG00000026347.13,protein_coding,Tmem163,0.3612750340818573
ENSMUSG00000024431.14,protein_coding,Nr3c1,0.3596431144865448
ENSMUSG00000031654.16,protein_coding,Cbln1,0.3552023726247229
ENSMUSG00000020115.2,protein_coding,Tbk1,0.35242731730284915
ENSMUSG00000030518.17,protein_coding,Fam189a1,0.35140051243885945
ENSMUSG00000032289.15,protein_coding,Thsd4,0.3510976393669593
ENSMUSG00000038126.17,protein_coding,Mphosph9,0.3506547434638633
ENSMUSG00000053153.14,protein_coding,Spag16,0.35055212727300666
ENSMUSG00000040473.15,protein_coding,Cfap69,0.35032993679417423
ENSMUSG00000026082.11,protein_coding,Rev1,0.3458785814410261
ENSMUSG00000017288.15,protein_coding,Vps53,0.3449920469091852
ENSMUSG00000006599.13,protein_coding,Gtf2h1,0.3424652275640981
ENSMUSG00000040720.15,protein_coding,1110037F02Rik,0.3418956349774269
ENSMUSG00000037426.17,protein_coding,Depdc5,0.3409252082352062
ENSMUSG00000036766.12,protein_coding,Dner,0.3403739788673008
ENSMUSG00000033732.10,protein_coding,Sf3b3,0.33912709198558777
ENSMUSG00000017897.18,protein_coding,Eya2,0.3391119706760836
ENSMUSG00000056222.14,protein_coding,Spock1,0.33874712827371584
ENSMUSG00000017754.13,protein_coding,Pltp,0.3387147017869561
ENSMUSG00000053166.14,protein_coding,Cdh22,0.33857293716120385
ENSMUSG00000037514.17,protein_coding,Pank2,0.33728142679165624
ENSMUSG00000060798.7,protein_coding,Intu,0.3366456706851416
ENSMUSG00000036466.17,protein_coding,Megf11,0.33568421523772374
ENSMUSG00000047368.3,protein_coding,Abhd17b,0.33507380160123235
ENSMUSG00000027166.14,protein_coding,Dnajc24,0.33446741335520064
ENSMUSG00000027893.14,protein_coding,Ahcyl1,0.3344133742292837
ENSMUSG00000036641.8,protein_coding,Ccdc148,0.3342844785637793
ENSMUSG00000029442.18,protein_coding,Wdr66,0.3325049461638318
ENSMUSG00000047414.6,protein_coding,Flrt2,0.33178958641449185
ENSMUSG00000045210.8,protein_coding,Vcpip1,0.3292649963794404
ENSMUSG00000031660.13,protein_coding,Brd7,0.3288218406593967
ENSMUSG00000027641.13,protein_coding,Rbl1,0.32784725275287685
ENSMUSG00000061028.7,protein_coding,Clasrp,0.3267100142830165
ENSMUSG00000016481.15,protein_coding,Cr1l,0.3253362450929669
ENSMUSG00000019971.9,protein_coding,Cep290,0.3246981293043087
ENSMUSG00000040842.17,protein_coding,Szrd1,0.3235166600167068
ENSMUSG00000024076.9,protein_coding,Vit,0.32256894776938244
ENSMUSG00000030513.14,protein_coding,Pcsk6,0.3222385139067104
ENSMUSG00000033596.5,protein_coding,Rfwd3,0.3217594063426128
ENSMUSG00000005338.13,protein_coding,Cadm3,0.3202089651070331
ENSMUSG00000028229.11,protein_coding,Rmdn1,0.31887014399067204
ENSMUSG00000052854.15,protein_coding,Nrk,0.3183773860351919
ENSMUSG00000033768.16,protein_coding,Nrxn2,0.3161235481489786
ENSMUSG00000004562.16,protein_coding,Arhgef40,0.3151104248716824
ENSMUSG00000048763.11,protein_coding,Hoxb3,0.3142889354614432
ENSMUSG00000033308.16,protein_coding,Dpyd,0.31410903813574875
ENSMUSG00000025949.16,protein_coding,Pikfyve,0.31278947826186443
ENSMUSG00000031502.11,protein_coding,Col4a1,0.3114485148518092
ENSMUSG00000021000.15,protein_coding,Mia2,0.3111006237109832
ENSMUSG00000032497.16,protein_coding,Lrrfip2,0.30477318325818203
ENSMUSG00000002455.14,protein_coding,Prpf6,0.3002191378562394
ENSMUSG00000029176.13,protein_coding,Anapc4,0.29919499640714514
ENSMUSG00000038417.4,protein_coding,Fig4,0.2990689261040823
ENSMUSG00000028869.13,protein_coding,Gnl2,0.2986378538992037
ENSMUSG00000020019.4,protein_coding,Ntn4,0.2971156426969729
ENSMUSG00000024998.17,protein_coding,Plce1,0.2968602737392089
ENSMUSG00000051817.8,protein_coding,Sox12,0.2967984200891444
ENSMUSG00000005220.10,protein_coding,Corin,0.29614175892566685
ENSMUSG00000053119.11,protein_coding,Chmp3,0.2956900234618294
ENSMUSG00000038991.16,protein_coding,Txndc5,0.2919915516800552
ENSMUSG00000046159.15,protein_coding,Chrm3,0.2898540612346074
ENSMUSG00000022772.11,protein_coding,Senp5,0.2893568379686192
ENSMUSG00000054733.9,protein_coding,Msra,0.28927696481736204
ENSMUSG00000061410.6,protein_coding,Zcchc14,0.28889463049870406
ENSMUSG00000028894.18,protein_coding,Inpp5b,0.2883304114680664
ENSMUSG00000045482.16,protein_coding,Trrap,0.28824473822875574
ENSMUSG00000020961.14,protein_coding,Ston2,0.28719867568137186
ENSMUSG00000028868.13,protein_coding,Wasf2,0.28342319153684264
ENSMUSG00000025898.6,protein_coding,Cwf19l2,0.28245855544638065
ENSMUSG00000004896.16,protein_coding,Rrnad1,0.28179227029196985
ENSMUSG00000038860.15,protein_coding,Garnl3,0.27955332987876574
ENSMUSG00000023072.14,protein_coding,Cep89,0.27924780839369284
ENSMUSG00000020100.15,protein_coding,Slc29a3,0.2789978690928503
ENSMUSG00000031134.16,protein_coding,Rbmx,0.2785554764184521
ENSMUSG00000075028.11,protein_coding,Prdm11,0.2774105337751868
ENSMUSG00000030421.9,protein_coding,Uri1,0.2772815348019038
ENSMUSG00000062373.7,protein_coding,Tmem65,0.2757006698415754
ENSMUSG00000026567.16,protein_coding,Adcy10,0.2754300662773245
ENSMUSG00000026374.14,protein_coding,Tsn,0.2740353424527361
ENSMUSG00000036099.16,protein_coding,Vezt,0.27245796311065923
ENSMUSG00000033278.9,protein_coding,Ptprm,0.2717636727426666
ENSMUSG00000004891.16,protein_coding,Nes,0.2695674342280452
ENSMUSG00000019795.17,protein_coding,Pcmt1,0.2694855806917409
ENSMUSG00000022507.5,protein_coding,1810013L24Rik,0.26771263456629674
ENSMUSG00000027193.12,protein_coding,Api5,0.2671959751731079
ENSMUSG00000068284.14,protein_coding,Usf3,0.2666798203292019
ENSMUSG00000032382.14,protein_coding,Snx1,0.26430663781818103
ENSMUSG00000025880.11,protein_coding,Smad7,0.2640696735644373
ENSMUSG00000054942.13,protein_coding,Miga1,0.26381696007211225
ENSMUSG00000102206.5,protein_coding,Pcdha11,0.26259372515479984
ENSMUSG00000049680.17,protein_coding,Urgcp,0.2620761545668556
ENSMUSG00000063179.13,protein_coding,Pstk,0.26191646672767244
ENSMUSG00000039233.12,protein_coding,Tbce,0.25875462352642364
ENSMUSG00000054199.17,protein_coding,Gon4l,0.2563619815956095
ENSMUSG00000030283.7,protein_coding,St8sia1,0.2553745780638124
ENSMUSG00000039523.16,protein_coding,Cep104,0.25396368655042484
ENSMUSG00000029478.16,protein_coding,Ncor2,0.2535988467972445
ENSMUSG00000035469.17,protein_coding,Rcbtb1,0.25293144759642233
ENSMUSG00000041229.15,protein_coding,Phf8,0.25234976103176593
ENSMUSG00000025816.15,protein_coding,Sec61a2,0.25197267714771426
ENSMUSG00000001323.17,protein_coding,Srr,0.2519714236651065
ENSMUSG00000035941.15,protein_coding,Ibtk,0.2516533128476225
ENSMUSG00000021548.10,protein_coding,Ccnh,0.2470854423181312
ENSMUSG00000032064.17,protein_coding,Dixdc1,0.24625080785511005
ENSMUSG00000021493.15,protein_coding,Pdlim7,0.2460566915806847
ENSMUSG00000025036.6,protein_coding,Sfxn2,0.2433625126247217
ENSMUSG00000021428.8,protein_coding,Riok1,0.2427836158782401
ENSMUSG00000026799.15,protein_coding,Med27,0.24201324485107625
ENSMUSG00000071324.11,protein_coding,Armc2,0.24097633646477384
ENSMUSG00000020393.16,protein_coding,Kremen1,0.239774884178492
ENSMUSG00000035835.14,protein_coding,Plppr3,0.23815729780431266
ENSMUSG00000062991.7,protein_coding,Nrg1,0.2380401821508972
ENSMUSG00000020585.4,protein_coding,Laptm4a,0.23722788788085836
ENSMUSG00000040043.15,protein_coding,Rbms2,0.23609315181213536
ENSMUSG00000005501.14,protein_coding,Usp40,0.2349554094407623
ENSMUSG00000060961.14,protein_coding,Slc4a4,0.23466885659869566
ENSMUSG00000017831.7,protein_coding,Rab5a,0.23377292660485355
ENSMUSG00000004233.14,protein_coding,Wars2,0.23153485928385875
ENSMUSG00000021771.13,protein_coding,Vdac2,0.2310625803297341
ENSMUSG00000041491.7,protein_coding,Cep78,0.2307519631613525
ENSMUSG00000031555.15,protein_coding,Adam9,0.22864551046605344
ENSMUSG00000057110.15,protein_coding,Cntrl,0.22699988760562415
ENSMUSG00000018474.17,protein_coding,Chd3,0.2263041419490829
ENSMUSG00000021832.7,protein_coding,Psmc6,0.2255679644665028
ENSMUSG00000031930.11,protein_coding,Wwp2,0.2246672173788565
ENSMUSG00000020283.5,protein_coding,Pex13,0.22250341745729646
ENSMUSG00000031015.8,protein_coding,Swap70,0.22109765980700946
ENSMUSG00000010097.13,protein_coding,Nxf1,0.2206788084933164
ENSMUSG00000020349.4,protein_coding,Ppp2ca,0.21997780464876254
ENSMUSG00000026083.12,protein_coding,Eif5b,0.2199486431918285
ENSMUSG00000035898.13,protein_coding,Uba6,0.21971930951227697
ENSMUSG00000024245.4,protein_coding,Tmem178,0.2196825929895621
ENSMUSG00000052504.6,protein_coding,Epha3,0.21863421255714371
ENSMUSG00000020149.17,protein_coding,Rab1a,0.2180272834100929
ENSMUSG00000037935.16,protein_coding,Smarce1,0.21628601074504
ENSMUSG00000029016.13,protein_coding,Clcn6,0.21532097720981871
ENSMUSG00000047534.16,protein_coding,Mis18bp1,0.21481898906145971
ENSMUSG00000021360.15,protein_coding,Gcnt2,0.2143628131581618
ENSMUSG00000020695.14,protein_coding,Mrc2,0.21414071148519406
ENSMUSG00000002617.14,protein_coding,Zfp40,0.21399795987480766
ENSMUSG00000030045.10,protein_coding,Mrpl19,0.21377607844819654
ENSMUSG00000026837.15,protein_coding,Col5a1,0.21369038713111066
ENSMUSG00000079330.8,protein_coding,Lemd1,0.21295876221778628
ENSMUSG00000021096.10,protein_coding,Ppm1a,0.2128635759359796
ENSMUSG00000032309.15,protein_coding,Fbxo22,0.20887425167155255
ENSMUSG00000053825.14,protein_coding,Ppfia2,0.20843782590764515
ENSMUSG00000031934.14,protein_coding,Panx1,0.20736237914232789
ENSMUSG00000055214.15,protein_coding,Pld5,0.20610352954765185
ENSMUSG00000047866.18,protein_coding,Lonp2,0.2059521898146212
ENSMUSG00000001158.13,protein_coding,Snrnp27,0.2056280208781757
ENSMUSG00000005078.16,protein_coding,Jkamp,0.2029202290421918
ENSMUSG00000018509.8,protein_coding,Cenpv,0.20194416348071045
ENSMUSG00000020196.9,protein_coding,Cabin1,0.20185231031970946
ENSMUSG00000001891.16,protein_coding,Ugp2,0.1996317891779841
ENSMUSG00000029190.19,protein_coding,D5Ertd579e,0.19900398387023796
ENSMUSG00000037851.13,protein_coding,Iars,0.1985022787907628
ENSMUSG00000048661.14,protein_coding,Lemd3,0.19679349561020137
ENSMUSG00000046230.9,protein_coding,Vps13a,0.1963628288230552
ENSMUSG00000041815.13,protein_coding,Poldip3,0.19604675042640096
ENSMUSG00000051747.14,protein_coding,Ttn,0.1959500778346348
ENSMUSG00000053641.9,protein_coding,Dennd4a,0.19437904755494645
ENSMUSG00000039703.15,protein_coding,Nploc4,0.1915132941900004
ENSMUSG00000027940.18,protein_coding,Tpm3,0.1902247066040572
ENSMUSG00000026797.16,protein_coding,Stxbp1,0.1896437508194169
ENSMUSG00000020422.13,protein_coding,Tns3,0.18921164593371412
ENSMUSG00000028023.16,protein_coding,Pitx2,0.1876073507935128
ENSMUSG00000039782.14,protein_coding,Cpeb2,0.18668937947839082
ENSMUSG00000079481.11,protein_coding,Nhsl2,0.1861605624074268
ENSMUSG00000001157.13,protein_coding,Gmcl1,0.1857487206543559
ENSMUSG00000027939.11,protein_coding,Nup210l,0.1855775935025527
ENSMUSG00000038766.16,protein_coding,Gabpb2,0.18495765626612834
ENSMUSG00000054932.6,protein_coding,Afp,0.18490209838197985
ENSMUSG00000001661.5,protein_coding,Hoxc6,0.18046655919666488
ENSMUSG00000040616.3,protein_coding,Tmem51,0.1804256592931534
ENSMUSG00000032534.17,protein_coding,Cep63,0.17795496676586492
ENSMUSG00000032186.15,protein_coding,Tmod2,0.17791567865966104
ENSMUSG00000021848.15,protein_coding,Otx2,0.17631014403259815
ENSMUSG00000031601.16,protein_coding,Cnot7,0.17616838093851184
ENSMUSG00000002109.14,protein_coding,Ddb2,0.1761305471264675
ENSMUSG00000019874.11,protein_coding,Fabp7,0.1754765183189492
ENSMUSG00000054051.6,protein_coding,Ercc6,0.17491644900214287
ENSMUSG00000029094.12,protein_coding,Afap1,0.1739375751115393
ENSMUSG00000026686.14,protein_coding,Lmx1a,0.17326043231857616
ENSMUSG00000055670.14,protein_coding,Zzef1,0.17267230805926684
ENSMUSG00000054414.4,protein_coding,Slc30a7,0.17019629963394753
ENSMUSG00000042744.16,protein_coding,Gm15800,0.17004355487936745
ENSMUSG00000000711.2,protein_coding,Rab5b,0.1694699772027029
ENSMUSG00000006476.19,protein_coding,Nsmf,0.1688986405439849
ENSMUSG00000029571.14,protein_coding,Tmem106b,0.16846380493606808
ENSMUSG00000028413.13,protein_coding,B4galt1,0.16719067362876042
ENSMUSG00000016921.14,protein_coding,Srsf6,0.16603469267510304
ENSMUSG00000037373.12,protein_coding,Ctbp1,0.1650592402077989
ENSMUSG00000033790.11,protein_coding,Tubgcp5,0.16495449609055618
ENSMUSG00000017721.15,protein_coding,Pigt,0.16475454424978014
ENSMUSG00000026155.13,protein_coding,Smap1,0.16440160639558354
ENSMUSG00000025103.8,protein_coding,Btbd1,0.1630135920754268
ENSMUSG00000046768.13,protein_coding,Rhoj,0.16180841777210658
ENSMUSG00000074749.10,protein_coding,Kiz,0.16167797466665396
ENSMUSG00000043542.12,protein_coding,Zc2hc1a,0.16125010235256065
ENSMUSG00000029840.8,protein_coding,Mtpn,0.15983952938196155
ENSMUSG00000031174.17,protein_coding,Rpgr,0.1581629670201609
ENSMUSG00000051950.10,protein_coding,B3glct,0.15802064704615573
ENSMUSG00000040717.5,protein_coding,Il17rd,0.15726920522350968
ENSMUSG00000001270.8,protein_coding,Ckb,0.1534967483558399
ENSMUSG00000037664.13,protein_coding,Cdkn1c,0.15339342086906693
ENSMUSG00000038296.14,protein_coding,Galnt18,0.15324230092641983
ENSMUSG00000091337.3,protein_coding,Eid1,0.15131672112030345
ENSMUSG00000028059.15,protein_coding,Arhgef2,0.15122466671329718
ENSMUSG00000068748.7,protein_coding,Ptprz1,0.15105929496464576
ENSMUSG00000025486.17,protein_coding,Sirt3,0.14994543908751895
ENSMUSG00000042505.6,protein_coding,Sdhaf3,0.14981233955339546
ENSMUSG00000028444.17,protein_coding,Cntfr,0.1492845187800427
ENSMUSG00000038383.16,protein_coding,Pigu,0.14799390649807168
ENSMUSG00000002778.14,protein_coding,Kdelr1,0.1469030447313331
ENSMUSG00000066842.18,protein_coding,Hmcn1,0.146849206137504
ENSMUSG00000040260.7,protein_coding,Daam2,0.145596125462332
ENSMUSG00000036298.10,protein_coding,Slc2a13,0.14497825202672013
ENSMUSG00000015733.13,protein_coding,Capza2,0.14489454737433724
ENSMUSG00000049044.16,protein_coding,Rapgef4,0.1445489321553363
ENSMUSG00000043262.16,protein_coding,Uevld,0.14454717919696988
ENSMUSG00000026426.10,protein_coding,Arl8a,0.14435689583187147
ENSMUSG00000035354.9,protein_coding,Uvrag,0.14380672087548504
ENSMUSG00000036009.16,protein_coding,Mettl25,0.14356555133899954
ENSMUSG00000022577.16,protein_coding,Ly6h,0.14321256113152536
ENSMUSG00000038227.15,protein_coding,Hoxa9,0.14254795457730832
ENSMUSG00000029777.10,protein_coding,Gars,0.14202616777414487
ENSMUSG00000066036.14,protein_coding,Ubr4,0.14010933498679787
ENSMUSG00000038347.14,protein_coding,Tcte2,0.1399580852704031
ENSMUSG00000027259.15,protein_coding,Adal,0.13889668844283395
ENSMUSG00000046311.13,protein_coding,Zfp62,0.1388540159725882
ENSMUSG00000000538.18,protein_coding,Tom1l2,0.13623875747604136
ENSMUSG00000037706.17,protein_coding,Cd81,0.1341421384860043
ENSMUSG00000031902.10,protein_coding,Nfatc3,0.13304574725995272
ENSMUSG00000041133.11,protein_coding,Smc1a,0.13232058553958004
ENSMUSG00000004263.15,protein_coding,Atn1,0.1313149967427645
ENSMUSG00000001542.6,protein_coding,Ell2,0.1304446853327753
ENSMUSG00000032017.14,protein_coding,Grik4,0.1294692865351193
ENSMUSG00000038253.6,protein_coding,Hoxa5,0.1292606999208729
ENSMUSG00000038668.14,protein_coding,Lpar1,0.12900954510968124
ENSMUSG00000026923.15,protein_coding,Notch1,0.12883720946616226
ENSMUSG00000054115.11,protein_coding,Skp2,0.12881533447622387
ENSMUSG00000029822.15,protein_coding,Osbpl3,0.12877993735933055
ENSMUSG00000004270.13,protein_coding,Lpcat3,0.12782275941419804
ENSMUSG00000054720.12,protein_coding,Lrrc8c,0.12713438027386487
ENSMUSG00000014074.17,protein_coding,Rnf168,0.12704946915336485
ENSMUSG00000039716.12,protein_coding,Dock3,0.12698804708511235
ENSMUSG00000023826.14,protein_coding,Park2,0.12625463973627696
ENSMUSG00000031732.12,protein_coding,Phlpp2,0.12523183384355174
ENSMUSG00000038705.13,protein_coding,Gmeb2,0.12367151295188505
ENSMUSG00000046605.14,protein_coding,B3gntl1,0.12273377752616035
ENSMUSG00000051427.14,protein_coding,Ccdc157,0.1224368409251778
ENSMUSG00000031447.7,protein_coding,Lamp1,0.12188751383020666
ENSMUSG00000019831.14,protein_coding,Wasf1,0.12162338481355985
ENSMUSG00000038957.13,protein_coding,Edc3,0.12152013506523995
ENSMUSG00000024163.17,protein_coding,Mapk8ip3,0.12050820871316698
ENSMUSG00000024335.19,protein_coding,Brd2,0.12010807501745807
ENSMUSG00000019432.15,protein_coding,Ddx39b,0.1186951362111086
ENSMUSG00000038302.14,protein_coding,Lace1,0.11863938957315034
ENSMUSG00000022390.10,protein_coding,Zc3h7b,0.11770532663721694
ENSMUSG00000022750.17,protein_coding,Klhl22,0.11543218669377925
ENSMUSG00000030350.8,protein_coding,Prmt8,0.11331319290217627
ENSMUSG00000027177.14,protein_coding,Hipk3,0.11290910611452895
ENSMUSG00000025757.12,protein_coding,Hspa4l,0.11223939382690294
ENSMUSG00000030276.19,protein_coding,Ttll3,0.10922671197663886
ENSMUSG00000042331.13,protein_coding,Specc1,0.10875542809701257
ENSMUSG00000021720.10,protein_coding,Rnf180,0.1083530728033272
ENSMUSG00000034636.9,protein_coding,Zyg11b,0.10781304223953177
ENSMUSG00000059401.13,protein_coding,Mamld1,0.10741855610273572
ENSMUSG00000053644.13,protein_coding,Aldh7a1,0.10736034901184023
ENSMUSG00000033629.6,protein_coding,Hacd3,0.10572491246442398
ENSMUSG00000057614.6,protein_coding,Gnai1,0.10492056629932406
ENSMUSG00000044164.2,protein_coding,Rnf182,0.10438164786442704
ENSMUSG00000022797.15,protein_coding,Tfrc,0.1041808250794998
ENSMUSG00000006134.3,protein_coding,Crkl,0.10375136715984386
ENSMUSG00000046743.6,protein_coding,Fat4,0.10324450701331916
ENSMUSG00000039285.12,protein_coding,Azi2,0.1030174717321616
ENSMUSG00000043384.15,protein_coding,Gprasp1,0.1025829158921628
ENSMUSG00000057880.12,protein_coding,Abat,0.10207811088272284
ENSMUSG00000028613.14,protein_coding,Lrp8,0.10130133710419796
ENSMUSG00000000486.13,protein_coding,Sept1,0.1005688388758549
ENSMUSG00000035126.19,protein_coding,Wdr78,0.09960127530890632
ENSMUSG00000025579.14,protein_coding,Gaa,0.09934463532435177
ENSMUSG00000024597.10,protein_coding,Slc12a2,0.09901829798372519
ENSMUSG00000079546.1,protein_coding,Gm11146,0.0987673676204404
ENSMUSG00000027122.15,protein_coding,Arl14ep,0.09706253108651376
ENSMUSG00000056004.16,protein_coding,9330182L06Rik,0.09455401884317992
ENSMUSG00000057236.10,protein_coding,Rbbp4,0.09420694278084407
ENSMUSG00000046897.16,protein_coding,Zfp740,0.09405995382857373
ENSMUSG00000027330.16,protein_coding,Cdc25b,0.09330550198288863
ENSMUSG00000050567.16,protein_coding,Maml1,0.09283750830455452
ENSMUSG00000048799.7,protein_coding,Cep120,0.09232141790494784
ENSMUSG00000044252.17,protein_coding,Osbpl1a,0.09118592645425394
ENSMUSG00000032965.10,protein_coding,Ift57,0.09091734435173003
ENSMUSG00000039328.11,protein_coding,Rnf122,0.0908621004257327
ENSMUSG00000034981.9,protein_coding,Parm1,0.09078576085497216
ENSMUSG00000005580.11,protein_coding,Adcy9,0.08984028077665701
ENSMUSG00000022112.14,protein_coding,Gpc5,0.08948253272973737
ENSMUSG00000033257.14,protein_coding,Ttll4,0.08946343386764395
ENSMUSG00000021314.11,protein_coding,Amph,0.08892000186940509
ENSMUSG00000022194.15,protein_coding,Pabpn1,0.08831374101296363
ENSMUSG00000001518.12,protein_coding,Itfg2,0.08818318305471913
ENSMUSG00000032435.9,protein_coding,Dync1li1,0.0879583154859131
ENSMUSG00000027379.13,protein_coding,Bub1,0.08764673303068699
ENSMUSG00000041594.17,protein_coding,Tmtc4,0.0872840810348003
ENSMUSG00000046785.8,protein_coding,Epm2aip1,0.08655745143167043
ENSMUSG00000060548.12,protein_coding,Tnfrsf19,0.0859646227811135
ENSMUSG00000043019.12,protein_coding,Edem3,0.08566099453314847
ENSMUSG00000036644.15,protein_coding,Tbc1d9b,0.08556310686237617
ENSMUSG00000020212.13,protein_coding,Mdm1,0.08515862961144532
ENSMUSG00000001143.13,protein_coding,Lman2l,0.08482819038131434
ENSMUSG00000041592.16,protein_coding,Sdk2,0.08422274821531506
ENSMUSG00000000957.9,protein_coding,Mmp14,0.08367821717210012
ENSMUSG00000031027.15,protein_coding,Stk33,0.08362405625307469
ENSMUSG00000011958.17,protein_coding,Bnip2,0.08359999444741872
ENSMUSG00000041078.6,protein_coding,Grid1,0.08206228625823142
ENSMUSG00000031628.9,protein_coding,Casp3,0.08125515579097706
ENSMUSG00000078185.3,protein_coding,Chml,0.08055740025429282
ENSMUSG00000007670.9,protein_coding,Khsrp,0.0804709824148037
ENSMUSG00000022685.8,protein_coding,Parn,0.08033591837078817
ENSMUSG00000043496.7,protein_coding,Tril,0.0795094267409065
ENSMUSG00000032249.14,protein_coding,Anp32a,0.07949549810100526
ENSMUSG00000021782.14,protein_coding,Dlg5,0.07806807689810018
ENSMUSG00000034663.13,protein_coding,Bmp2k,0.07754671261763033
ENSMUSG00000073678.4,protein_coding,Pgap1,0.07719689875707214
ENSMUSG00000019996.17,protein_coding,Map7,0.07696115453512516
ENSMUSG00000069911.10,protein_coding,Fam196b,0.07578811317925638
ENSMUSG00000040896.16,protein_coding,Kcnd3,0.07541427178753328
ENSMUSG00000039375.16,protein_coding,Wdr17,0.07525127337367715
ENSMUSG00000047161.12,protein_coding,Chst9,0.07379592165083332
ENSMUSG00000062713.7,protein_coding,Sim2,0.07379390574003597
ENSMUSG00000062866.15,protein_coding,Phactr2,0.07342680178096737
ENSMUSG00000000001.4,protein_coding,Gnai3,0.07141252258453266
ENSMUSG00000075012.4,protein_coding,Fjx1,0.07094000096712172
ENSMUSG00000038291.16,protein_coding,Snx25,0.06809585082644727
ENSMUSG00000001467.5,protein_coding,Cyp51,0.0672677443460554
ENSMUSG00000024425.3,protein_coding,Ndfip1,0.06686823059236295
ENSMUSG00000035027.17,protein_coding,Map2k2,0.06649020883605228
ENSMUSG00000026223.15,protein_coding,Itm2c,0.06631536372361548
ENSMUSG00000093930.1,protein_coding,Hmgcs1,0.06628573069972755
ENSMUSG00000036572.16,protein_coding,Upf3b,0.06564821923305553
ENSMUSG00000063919.10,protein_coding,Srrm4,0.06526415837248913
ENSMUSG00000027881.14,protein_coding,Prpf38b,0.06492777377097188
ENSMUSG00000079036.10,protein_coding,Alkbh1,0.06469756175778703
ENSMUSG00000025722.16,protein_coding,Wdr73,0.06431719533099606
ENSMUSG00000027977.15,protein_coding,Ndst3,0.06400194612853642
ENSMUSG00000027639.16,protein_coding,Samhd1,0.06397753593911984
ENSMUSG00000020986.13,protein_coding,Sec23a,0.06319753882861005
ENSMUSG00000014426.8,protein_coding,Map3k4,0.06317871796788206
ENSMUSG00000003166.19,protein_coding,Dgcr2,0.062030482109952836
ENSMUSG00000031709.15,protein_coding,Tbc1d9,0.0610309239003532
ENSMUSG00000031137.17,protein_coding,Fgf13,0.060682151973000274
ENSMUSG00000036403.15,protein_coding,Cep135,0.06044654887263488
ENSMUSG00000046709.16,protein_coding,Mapk10,0.06036742310349631
ENSMUSG00000039114.15,protein_coding,Nrn1,0.06014206240868925
ENSMUSG00000037355.14,protein_coding,Uvssa,0.059225301964430876
ENSMUSG00000022265.6,protein_coding,Ank,0.05747080770354573
ENSMUSG00000039740.6,protein_coding,Alg2,0.05723863693643779
ENSMUSG00000020189.13,protein_coding,Osbpl8,0.05721275535168164
ENSMUSG00000040760.10,protein_coding,Appl1,0.057159652077240636
ENSMUSG00000018846.8,protein_coding,Pank3,0.057062736004137485
ENSMUSG00000030978.10,protein_coding,Rrm1,0.05657057172951783
ENSMUSG00000031644.19,protein_coding,Nek1,0.05613869190939288
ENSMUSG00000063015.12,protein_coding,Ccni,0.0561032076184633
ENSMUSG00000056832.14,protein_coding,Ttc26,0.05572355654534046
ENSMUSG00000061601.15,protein_coding,Pclo,0.05246168300473245
ENSMUSG00000040265.16,protein_coding,Dnm3,0.05203984467751168
ENSMUSG00000031189.12,protein_coding,Aff2,0.05184976080389401
ENSMUSG00000031302.16,protein_coding,Nlgn3,0.05163110812315221
ENSMUSG00000028911.16,protein_coding,Srsf4,0.05106442848599055
ENSMUSG00000000976.13,protein_coding,Heatr6,0.050783110824230135
ENSMUSG00000028890.13,protein_coding,Mtf1,0.04988608431615225
ENSMUSG00000028476.13,protein_coding,Reck,0.04987673453229957
ENSMUSG00000026843.15,protein_coding,Fubp3,0.04979085079819015
ENSMUSG00000028194.15,protein_coding,Ddah1,0.04944994566894207
ENSMUSG00000036281.13,protein_coding,Snapc4,0.04922502176304045
ENSMUSG00000020152.7,protein_coding,Actr2,0.04831575242737559
ENSMUSG00000029426.8,protein_coding,Scarb2,0.0475250135175559
ENSMUSG00000020167.14,protein_coding,Tcf3,0.047116038231820784
ENSMUSG00000046182.8,protein_coding,Gsg1l,0.04607104237434224
ENSMUSG00000005958.14,protein_coding,Ephb3,0.04601103359136896
ENSMUSG00000028557.10,protein_coding,Rnf11,0.04504724787589008
ENSMUSG00000027404.15,protein_coding,Snrpb,0.0449763349423496
ENSMUSG00000022477.12,protein_coding,Aco2,0.044925697731176016
ENSMUSG00000026924.17,protein_coding,Sec16a,0.04418242248613935
ENSMUSG00000014402.15,protein_coding,Tsg101,0.0438335974553474
ENSMUSG00000071267.11,protein_coding,Zfp942,0.0424452144427164
ENSMUSG00000024219.15,protein_coding,Anks1,0.0412562293618121
ENSMUSG00000058152.7,protein_coding,Chsy3,0.0410244172286336
ENSMUSG00000032870.8,protein_coding,Smap2,0.040460327411454826
ENSMUSG00000041417.15,protein_coding,Pik3r1,0.04038313791224503
ENSMUSG00000022340.14,protein_coding,Sybu,0.039199890332209865
ENSMUSG00000040856.17,protein_coding,Dlk1,0.0389028879359294
ENSMUSG00000030835.6,protein_coding,Nomo1,0.038775340313944286
ENSMUSG00000042507.14,protein_coding,Elmsan1,0.03804557730423033
ENSMUSG00000019880.10,protein_coding,Rspo3,0.03689892695319255
ENSMUSG00000055485.6,protein_coding,Soga1,0.036534889363411635
ENSMUSG00000025702.15,protein_coding,March8,0.03645204802827395
ENSMUSG00000046574.8,protein_coding,Prr12,0.03589840151213562
ENSMUSG00000014195.15,protein_coding,Dnajc7,0.034123000535770734
ENSMUSG00000038070.15,protein_coding,Cntln,0.03387427030193104
ENSMUSG00000029729.12,protein_coding,Zkscan1,0.03369361628174071
ENSMUSG00000049538.14,protein_coding,Adamts16,0.033334882790415896
ENSMUSG00000031715.14,protein_coding,Smarca5,0.0327161865777682
ENSMUSG00000029469.14,protein_coding,Ift81,0.03205630750152924
ENSMUSG00000047766.15,protein_coding,Lrrc49,0.03130960243082855
ENSMUSG00000028583.14,protein_coding,Pdpn,0.02925217193063028
ENSMUSG00000025892.16,protein_coding,Gria4,0.029094077722430892
ENSMUSG00000037062.13,protein_coding,Sh3glb1,0.028732756310653862
ENSMUSG00000013150.15,protein_coding,Gfod2,0.02857449646586245
ENSMUSG00000031093.14,protein_coding,Dock11,0.027525387151897947
ENSMUSG00000036104.12,protein_coding,Rab3gap1,0.02557697830589404
ENSMUSG00000036295.4,protein_coding,Lrrn3,0.024202661066102898
ENSMUSG00000041341.9,protein_coding,Atg2b,0.02321515526761567
ENSMUSG00000035681.6,protein_coding,Kcnc2,0.020644615611625672
ENSMUSG00000029722.15,protein_coding,Agfg2,0.0205885791927656
ENSMUSG00000076431.4,protein_coding,Sox4,0.019398902147360758
ENSMUSG00000009073.16,protein_coding,Nf2,0.018022254729565385
ENSMUSG00000003033.15,protein_coding,Ap1m1,0.017426105435587598
ENSMUSG00000031557.16,protein_coding,Plekha2,0.017370638644293675
ENSMUSG00000038178.16,protein_coding,Slc43a2,0.017191934848068448
ENSMUSG00000041923.15,protein_coding,Nol4,0.017125822776440838
ENSMUSG00000036606.16,protein_coding,Plxnb2,0.01688656919503984
ENSMUSG00000029838.11,protein_coding,Ptn,0.016643068378040998
ENSMUSG00000031906.9,protein_coding,Smpd3,0.0164051913110193
ENSMUSG00000063297.7,protein_coding,Luzp2,0.0161741080823388
ENSMUSG00000022159.16,protein_coding,Rab2b,0.01615442382533899
ENSMUSG00000031446.14,protein_coding,Cul4a,0.015289227635973757
ENSMUSG00000019892.12,protein_coding,Lrriq1,0.014400017191011581
ENSMUSG00000041354.15,protein_coding,Rgl2,0.013856560615996057
ENSMUSG00000046844.6,protein_coding,Vat1l,0.013599034128219143
ENSMUSG00000021461.16,protein_coding,Fancc,0.013523635342181659
ENSMUSG00000052798.12,protein_coding,Nup107,0.013400489426225235
ENSMUSG00000027673.12,protein_coding,Ndufb5,0.012587041461080495
ENSMUSG00000026701.15,protein_coding,Prdx6,0.012579265821319513
ENSMUSG00000018697.14,protein_coding,Aatf,0.01220046029140843
ENSMUSG00000025915.14,protein_coding,Sgk3,0.010234654212224498
ENSMUSG00000021079.15,protein_coding,Timm9,0.009974525497591476
ENSMUSG00000021670.14,protein_coding,Hmgcr,0.009791210378374566
ENSMUSG00000030718.9,protein_coding,Ppme1,0.009748878722169464
ENSMUSG00000030411.15,protein_coding,Nova2,0.00903695463940518
ENSMUSG00000056673.14,protein_coding,Kdm5d,0.00875530173585769
ENSMUSG00000029368.10,protein_coding,Alb,0.0077422657935501404
ENSMUSG00000074637.7,protein_coding,Sox2,0.006902642218873878
ENSMUSG00000021830.13,protein_coding,Txndc16,0.005748024704410772
ENSMUSG00000022829.14,protein_coding,Stxbp5l,0.005476947567488116
ENSMUSG00000025608.9,protein_coding,Podxl,0.0046849471069416405
ENSMUSG00000052632.15,protein_coding,Asap2,0.0042751329493847644
ENSMUSG00000024843.15,protein_coding,Chka,0.004232690557910253
ENSMUSG00000019726.10,protein_coding,Lyst,0.004213393359939231
ENSMUSG00000018909.15,protein_coding,Arrb1,0.0041674906124802855
ENSMUSG00000020078.15,protein_coding,Vps26a,0.00359213147476872
ENSMUSG00000030519.14,protein_coding,Apba2,0.0034371424492476385
ENSMUSG00000029438.9,protein_coding,Bcl7a,0.0029453426155750173
ENSMUSG00000026494.12,protein_coding,Kif26b,0.0028760174444039622
ENSMUSG00000047945.6,protein_coding,Marcksl1,0.0024541072410005646
ENSMUSG00000028098.13,protein_coding,Rnf115,0.000986802082641894
ENSMUSG00000046096.7,protein_coding,BC030336,0.0006056487981811465
ENSMUSG00000047539.9,protein_coding,Fbxo28,0.0003658194992446348
